Nom,Localisation,Type,Etat_poste,Nb_place,Heure_operation,Long,Lat,MTM8_X,MTM8_Y
"27-474","Chabanel O. / St-Urbain. Situé au nord-est de l'intersection sur Chabanel O.","Public","Poste public actif",4,"",-73.65204925767212,45.54302132777408,292926.4,5044800.9
"27-474","Chabanel O. / St-Urbain. Situé au nord-est de l'intersection sur Chabanel O.","Public","Poste public actif",4,"",-73.65204925767212,45.54302132777408,292926.4,5044800.9
"27-918","1000, ave. Émile-Journault / Complexe Sportif Claude-Robillard","Public","Poste public actif",3,"24h / 7 jours",-73.63824898783571,45.55387942251001,294006.1,5046005.6
"27-839","Au coin de l'avenue Émile-Journault et l'avenue Papineau. Situé au nord-ouest de l'intersection","Public","Poste public actif",2,"24h / 7J",-73.6338815696945,45.55948328876621,294348.1,5046627.8
"27-779","Au coin de la rue Fleury E et l'avenue Merritt (Hopital Fleury). Situé au sud-est de l'intersection","Public","Poste public actif",5,"24H / 7J",-73.65062817934569,45.571622684824966,293043.3,5047979.2
"27-743","Au coin de la rue Chabanel O et la rue Meilleur. Situé au sud-est de l'intersection","Public","Poste public actif",2,"24H / 7J",-73.65489980793456,45.53755981941242,292702.6,5044194.4
"27-475","Au coin de la rue Berri et la rue Sauvé E. Situé au nord-est de l'intersection","Public","Poste public actif",5,"24H / 7J",-73.65605163548025,45.55100085902197,292615.5,5045688.3
"27-211","Au coin de la rue Lajeunesse et le boul. Crémazie E. Situé au nord-ouest de l'intersection","Public","Poste public actif",3,"24H / 7J",-73.63830614092421,45.54646274748941,294000.2,5045181.4
"27-210","Au coin de l'avenue Henri-Julien et le boul. Cremazie E. Situé au nord-ouest de l'intersection","Public","Poste public actif",3,"24h / 7J",-73.6401085864054,45.544328807612175,293859.1,5044944.5
"10-92","Au coin de la rue De Louisbourg et le boul. Laurentien. Situé au sud-est de l'intersection","Public","Poste public actif",4,"24H / 7J",-73.71119785315386,45.52457850011955,288302,5042761.8
"10-85","Au coin du boul. Henri-Bourassa O et l'avenue Bois-de-Boulogne. Situé au sud-est de l'intersection","Public","Poste public actif",8,"24H / 7J",-73.67798012858884,45.537951013712856,290900.2,5044241.6
"10-733","2820 de Salaberry. Centre Normandie, IGA (poste privé COOP de Montréal)","Privé","Poste prive actif",5,"24H / 7J",-73.69896770688479,45.53510784109334,289260.3,5043929.5
"27-720","Au coin du 10650 rue Lajeunesse et le boul. Henri-Bourassa E. Situé au sud-est de l'intersection","Public","Poste public actif",4,"24H / 7J",-73.66808075899962,45.555247054393206,291677.3,5046162.1
"27-842","Au 1745 rue Fleury E. Poste privé de Taxi Coop. Épicerie Métro","Privé","Poste prive actif",7,"24H / 7J",-73.65547622408144,45.56678750240697,292663.9,5047442.6
"27-207","10639, Berri / boul. Henri-Bourassa E. Situé au sud-est de l'intersection","Public","Poste public actif",6,"24H / 7J",-73.66794861481937,45.55435863528944,291687.4,5046063.3
"10-89","Au 5400 boul. Gouin O (Hopital Sacré-Coeur).","En commun","Poste encommun temporaire",5,"24H / 7J",-73.71458759762265,45.53291000964234,288039.7,5043688.4
"27-840","Au 8305 avenue Papineau. Poste privé de Taxelco. Épicerie Maxi","Privé","Poste prive actif",4,"24H / 7J",-73.62087838332826,45.55551372790679,295362.6,5046185.1
"10-694","Au coin de la rue De Serres et la rue Grenet. Situé au sud-est de l'intersection","Public","Poste public actif",6,"24H / 7J",-73.7188496588351,45.531466718620905,287706.4,5043528.9
"27-838","Au 8935 avenue André-Grasset. Épicerie Métro André-Grasset.","En commun","Poste encommun actif",2,"24H / 7J",-73.63692809412056,45.558120342809254,294110.1,5046476.7
"46-901","6500, boul. Joseph-Renaud / Boul. Wilfrid Pelletier","Public","Poste public actif",3,"24H / 7J",-73.55186122030716,45.60515710287878,300754.6,5051696.2
"46-878","Au 7895 boul. Des Galeries-D'Anjou. Poste privé de Taxi Coop de l'Est. La Baie d'Hudson","Privé","Poste prive actif",2,"24H / 7J",-73.56745642142641,45.599468622269306,299537.6,5051065
"46-805","Au 7250 boul. Des Roseraies. Poste privé de Taxi Hochelaga. Épicerie Adonis","Privé","Poste prive actif",2,"24H / 7J",-73.55900916983643,45.599072690398565,300196.5,5051020.4
"46-769","Au coin de la rue Beaubien E et le boul. Des Galeries-D'Anjou. Situé au nord-est de l'intersection","Public","Poste public actif",2,"24h / 7J",-73.55654811872228,45.59546922441712,300388.2,5050619.8
"46-323","Au 7895 boul. Des Galeries-D'Anjou. Poste privé de Taxi Hochelaga. La Baie D'Hudson","Privé","Poste prive actif",2,"24H / 7J",-73.56719892936098,45.600046630908516,299557.7,5051129.2
"46-321","Au coin de l'avenue Azilda et l'avenue Chaumont. Situé au nord-est de l'intersection","Public","Poste public actif",5,"24H / 7J",-73.54740393171596,45.610407085325086,301102.6,5052279.5
"46-508","Au coin du boul. Des Galeries-D'Anjou et la rue Jarry E. Situé au nord-ouest de l'intersection","Public","Poste public actif",4,"24H / 7J",-73.5759501454595,45.602096921076836,298875.2,5051357.6
"46-906","7999, boul. des Galeries d'Anjou. Près du restaurant La Belle et la Boeuf. Poste privé de Taxi Hochelaga","Privé","Poste prive actif",4,"En tout temps",-73.56311463967285,45.59976161461044,299876.3,5051097.2
"9-941","Avenue Grey,. coin rue Sherbrooke ouest","Public","Poste public actif",6,"24H / 7J",-73.60631262209017,45.4764045152813,296488.2,5037392
"26-938","7405, boul. Décarie (Métro Namur) / Stationnement Harvey's. Situé au nord-est de l'édicule du métro.","En commun","Poste encommun actif",3,"24h / 7j",-73.65336080926208,45.49517353555413,292813.8,5039483.7
"26-885","4545, ch. Queen Mary / Cedar Cr.. Centre de recherche de l'IUGM . Poste privé Diamond","Privé","Poste prive actif",4,"",-73.62280138703306,45.49132252046888,295201.6,5039051.7
"26-896","3830, av. Lacombe / Légaré. Situé sur le terrain de l'Hôpital St-Mary","En commun","Poste encommun actif",3,"24h / 7j",-73.62457788968811,45.49483563498968,295063.3,5039442.3
"26-898","5767, rue Légaré","Public","Poste public actif",8,"24H / 7J",-73.63032107909851,45.49663159544941,294614.8,5039642.6
"26-827","Au coin de l'avenue Linton et du Chemin de la Côte-des-Neiges. Situé au sud-ouest de l'intersection","Public","Poste public actif",5,"24H / 7J",-73.63085883862306,45.500164222241516,294573.4,5040035.2
"26-825","Au coin du 4565 Chemin Queen-Mary et le Cr. Cedard. Situé au nord-est de l'intersection","Privé","Poste prive actif",4,"24H / 7J",-73.622433777771,45.491320901075056,295230.3,5039051.4
"26-822","Au coin de la rue Légaré et l'avenue Lacombe. Situé au sud-est de l'intersection","Public","Poste public actif",5,"24H / 7J",-73.62530294047548,45.49453443799295,295006.6,5039408.9
"26-774","Au coin du Chemin de la Côte-Sainte-Catherine et du Chemin de la Côte-des-Neiges. Situé au nord-ouest de l'intersection","En commun","Poste encommun actif",8,"24H / 7J",-73.62742710087332,45.4985197331636,294841.3,5039852.1
"26-717","Au 5750 Chemin de la Côte-des-Neiges. Hôpital Général Juif","En commun","Poste encommun actif",1,"24H / 7J",-73.62708050793458,45.49832779879882,294868.3,5039830.7
"26-505","Au 6825 Chemin de la Côte-des-Neiges. Poste privé de Taxi Diamond. Épicerie Maxi","Privé","Poste prive actif",4,"24H / 7J",-73.63714638703311,45.50480917568142,294082.9,5040552.3
"26-202","Au coin de la rue Jean-Brillant et le Chemin de la Côte-des-Neiges. Situé au sud-est de l'intersection","Public","Poste public actif",3,"24H / 7J",-73.62163610580444,45.496115124548716,295293.5,5039584.1
"26-881","Au 5400 rue Jean-Talon O. Poste privé de Taxi Diamond. Walmart","Privé","Poste prive actif",4,"24H / 7J",-73.65231707354127,45.49227793394532,292894.8,5039161.8
"26-837","Au coin du 7655 boul. Décarie (Ruby Foo's) et la rue Paré. Poste privé de Taxi Pontiac","Privé","Poste prive actif",3,"24H / 7J",-73.65540845767214,45.496377392726714,292654,5039617.8
"26-836","Au 6900 boul. Décarie. Poste privé de Taxi Diamond. Carré Décarie","Privé","Poste prive actif",3,"24H / 7J",-73.64948789919737,45.49139584603825,293115.7,5039063.3
"26-835","Au coin de l'avenue De Westbury et du Chemin de la Côte-sainte-Catherine. Situé au sud-est de l'intersection","Public","Poste public actif",3,"24H / 7J",-73.63563706718139,45.48921473926489,294197.9,5038819
"26-833","Au coin du 4861 avenue Van Horne et la rue Lemieux. Poste privé de Taxi Diamond","Privé","Poste prive actif",4,"24H / 7J",-73.63909586931152,45.493110900637646,293928.3,5039252.5
"26-830","Au coin de l'avenue Linton et le Chemin de la Côte-des-Neiges. Situé au sud-ouest de l'intersection","Public","Poste public actif",5,"24H / 7J",-73.63088029629517,45.5002093417354,294571.7,5040040.3
"26-829","Au coin de l'avenue Dupuis et l'avenue Victoria. Situé au nord-est de l'intersection","Public","Poste public actif",4,"24H / 7J",-73.63200139999998,45.491940573304866,294482.6,5039121.5
"26-834","Au coin de l'avenue Van Horne et l'avenue Victoria. Situé au nord-ouest de l'intersection","Public","Poste public actif",3,"24H / 7J",-73.63766241047409,45.494473753296994,294040.6,5039403.7
"26-199","Au 2767 boul. Édouard-Montpetit. Université de Montréal","Public","Poste public actif",2,"24H / 7J",-73.61886437619626,45.50330508642586,295511.3,5040382.8
"9-928","Au coin du 6490 Avenue Somerled (Shell) et le boul. Cavendish. Poste privé de Taxi Atlas","Privé","Poste prive actif",2,"24H / 7J",-73.63801912327881,45.4679113969085,294007.6,5036451.9
"26-783","Au coin de l'av. de Westbury et le Chemin Queen-Mary. Situé au nord-ouest de l'intersection","Public","Poste public actif",5,"24H / 7J",-73.62847192753907,45.485451620126916,294757.3,5038399.9
"26-828","Au coin du 7385 boul. Décarie et la rue Jean-Talon O. Poste privé de Taxi Diamond. Dunn's","Privé","Poste prive actif",4,"24H / 7J",-73.65193269080737,45.494502781015846,292925.3,5039409
"26-198","Au coin de l'avenue De Darlington et l'avenue Van Horne. Situé au nord-est de l'intersection","Public","Poste public temporaire",6,"24H / 7J",-73.62557019999997,45.507966326590854,294988,5040901.6
"11-110","Au coin de l'avenue Walkley et le Chemin de la Côte-st-Luc. Situé au sud-est de l'intersection","Public","Poste public actif",6,"24H / 7J",-73.64933176779783,45.469891603800235,293123.5,5036673.6
"26-914","Au 2305 Ch.Rockland (Centre d'achat Rockland). Poste privé de Taxi Champlain","Privé","Poste prive actif",10,"24H / 7J",-73.64905156826171,45.52758382750313,293157.3,5043084.9
"26-883","Au coin de l'avenue Ridgewood et le Chemin de la Côte-Sainte-Catherine. Situé au sud-ouest de l'intersection","Public","Poste public temporaire",2,"24H / 7J",-73.61030668623044,45.495594170073694,296178.8,5039525
"9-926","Au coin de l'avenue D'Oxford et l'avenue Somerled. Situé au nord-est de l'intersection","Public","Poste public actif",4,"24H / 7J",-73.62935399956774,45.477873922536965,294687,5037557.9
"26-200","Au coin du chemin de la Côte-Sainte-Catherine et du Chemin Hudson. Situé au nord-ouest de l'intersection","Public","Poste public actif",5,"24H / 7J",-73.62268495598983,45.5038738173944,295212.8,5040446.5
"9-927","Au coin de la rue Sherbrooke O et la rue West Broadway. Situé au nord-est de l'intersection. Loyola Campus","Public","Poste public actif",8,"24H / 7J",-73.64038657403563,45.4566209436067,293820.3,5035197.5
"26-773","Au 3755 Chemin de la Côte-sainte-Catherine. Hôpital Général-Juif","En commun","Poste encommun actif",2,"24H / 7J",-73.62858254498292,45.49748929427822,294750.8,5039737.7
"9-925","Au coin du 7151 Chemin de la Côte-St-Luc et de l'avenue Saint-Ignatius. Poste privé de Taxi Diamond. IGA","Privé","Poste prive actif",8,"24H / 7J",-73.6543055894104,45.464778750039,292733.5,5036106.1
"26-915","Au coin de la rue Jean-Talon et l'avenue Dieppe. Situé au nord-ouest de l'intersection","Public","Poste public actif",4,"24H / 7J",-73.63747460475463,45.50820688335183,294057.9,5040929.9
"26-831","Au coin de la rue Légaré et l'avenue Lacombe. Situé au sud-est de l'intersection","Public","Poste public actif",3,"24H / 7J",-73.62519550330035,45.49453391886602,295015,5039408.8
"9-932","Au coin de l'avenue Northcliffe et le boul. De Maisonneuve O. Situé au nord-ouest de l'intersection","Public","Poste public actif",4,"24H / 7J",-73.60546485974123,45.47344486285827,296554,5037063
"9-933","1001, boul. Décarie","En commun","Poste encommun actif",1,"24H / 7H",-73.60059510793457,45.47217216883194,296934.6,5036921.1
"9-930","Au coin du boul. De Maisonneuve O et la rue Park Row E. Situé au nord-ouest de l'intersection","Public","Poste public actif",6,"24H / 7J",-73.62947099098511,45.460346423688605,294674.7,5035610.1
"9-931","Au 1001 boul. Décarie (Site GLEN) - Réserve","En commun","Poste encommun actif",14,"24H / 7J",-73.60171126826172,45.47162017407979,296847.2,5036859.8
"26-832","Au coin de l'avenue Plamondon et l'avenue Victoria. Situé au nord-ouest de l'intersection","Public","Poste public actif",5,"24h / 7J",-73.64050536295167,45.495498328447795,293818.6,5039518
"9-924","Au coin de l'avenue Beaconsfield et la rue Saint-Jacques. Situé au nord-ouest de l'intersection","Public","Poste public actif",2,"24h / 7J",-73.61593375758059,45.46434028324315,295734,5036052.3
"9-923","Au coin de l'avenue Girouard et la rue Sherbrooke O. Situé au nord-ouest de l'intersection","Public","Poste public actif",4,"24H / 7J",-73.61206243383788,45.47256113964197,296038,5036965.5
"26-882","Au coin de la rue Ferrier et le boul. Décarie. Situé au nord-est de l'intersection","Public","Poste public actif",5,"24H / 7J",-73.65764745921632,45.49761346951536,292479.3,5039755.5
"8-79","Au coin du 650 16e avenue (Hopital de Lachine) et de la rue Saint-Antoine. Situé au nord-est de l'intersection","En commun","Poste encommun actif",4,"24H / 7J",-73.6778937994751,45.440086277190595,290882.8,5033365.8
"8-739","3150 rue Remembrance. Poste privé de Taxi Diamond","Privé","Poste prive actif",5,"24h / 7J",-73.69174202275389,45.4393380158896,289799.2,5033285.2
"13-742","Au coin de la rue Lise et le boul. Newman. Situé au nord-ouest de l'intersection","Public","Poste public actif",6,"24H / 7J",-73.6289310690338,45.43342629057996,294712.1,5032618.4
"13-587","Au coin de la rue Boivin et la 90e avenue. Situé au nord-est de l'intersection","Public","Poste public actif",6,"24H / 7J",-73.64116139154055,45.42403426511663,293753.4,5031576.3
"13-513","6797 Boul. Newman. Waltmart, poste privé à Taxi Pontiac","Privé","Poste prive actif",3,"24H / 7J",-73.60974479999999,45.4521416,296216.2,5034696
"13-131","Rue Jean-Chevalier. Boul. Shevchenko","Public","Poste public actif",5,"24H / 7J",-73.61640260000001,45.4310705,295692,5032355.1
"13-128","7081 Boul. Newman (Maxi). Boul. Angrignon, poste privé à Taxi Angrignon","Privé","Poste prive actif",8,"24H / 7J",-73.61018100000001,45.4474589,296181.3,5034175.7
"13-125","Avenue Dollard (Maxi). Boul. Newman, poste privé à Taxi Angrignon (coin nord-est)","Privé","Poste prive actif",7,"24H / 7 J",-73.6351105,45.4309342,294228.2,5032342.3
"13-121","Rue Léger. De Cannes-Brûlées","Public","Poste public actif",8,"24H / 7J",-73.6225402,45.4429883,295213.8,5033680.3
"13-120","Rue Airlie. coin Avenue Lafleur, coin sud-est","Public","Poste public actif",10,"24H / 7J",-73.64921960052493,45.42512806056045,293123,5031699
"13-577","Au coin du 400 avenue Lafleur (Sami Fruit) et la rue Clément. Situé au sud-est de l'intersection","Public","Poste public actif",3,"24H / 7J",-73.64697489629515,45.432030648230615,293300.1,5032465.7
"13-817","À l'hôpital De Lasalle (Urgence) sur la rue Beyries","En commun","Poste encommun actif",3,"24H / 7J",-73.62296605129814,45.41939334390431,295176.5,5031058.2
"38-937","Au coin de la rue de Lanaudière et l'avenue du Mont-Royal E.. Situé sud-est de l'intersection","Public","Poste public actif",4,"24H / 7J",-73.57688999189122,45.53020894595734,298794.2,5043368.7
"38-913","Sur la rue Rivard au coin de la rue Utilités publiques . Au Sud-Est de l'intersection. Situé au Sud de l'édicule Mont-Royal","Public","Poste public actif",4,"24h / 7j",-73.58137260226495,45.52415715381263,298443.4,5042696.5
"38-855","Au coin de l'avenue Laurier O et la rue Jeanne-Mance. Situé au sud-ouest de l'intersection","Public","Poste public actif",5,"24H / 7J",-73.59516763706779,45.520244604217424,297365.3,5042262.9
"38-854","Au coin de la rue Saint-Viateur O et l'avenue Du Parc . Situé au sud-ouest de l'intersection","Public","Poste public actif",5,"24H / 7J",-73.60208129830426,45.52206111556752,296825.4,5042465.4
"38-853","Au coin du boul. Saint-Laurent et la rue Saint-Viateur. Situé au sud-est de l'intersection","Public","Poste public actif",6,"24H / 7J",-73.59888839695486,45.525931482149986,297075.4,5042895.2
"38-852","Au coin de la rue Hutchison et l'avenue Van Horne . Situé au nord-ouest de l'intersection","Public","Poste public actif",2,"24H / 7J",-73.61066865894827,45.524984397686666,296155,5042791.1
"38-848","Au coin du 480 rue Gilford et la rue Berri. Situé au sud-est de l'intersection","Public","Poste public actif",2,"24H / 7J",-73.58616399738821,45.52678083730375,298069.5,5042988.4
"38-845","Au coin de la rue De la Roche et le boul. Saint-Joseph E. Situé au sud-ouest de l'intersection","Public","Poste public actif",4,"24H / 7J",-73.58335304266802,45.53086207431055,298289.5,5043441.8
"38-844","Au coin de l'avenue Christophe-Colomb et l'avenue du Mont-Royal. Situé au nord-est de l'intersection.","Public","Poste public actif",4,"24H / 7J",-73.57931900014592,45.528081152993956,298604.3,5043132.4
"38-806","Au coin de la rue Sherbrooke O et la rue Aylmer. Situé au nord-est de l'intersection","Public","Poste public actif",4,"24H / 7J",-73.57265853901481,45.50629840287917,299122.4,5040711.2
"38-772","Au coin de la rue Rachel E et l'avenue Du Parc-La fontaine. Situé au sud-ouest de l'intersection","Public","Poste public actif",5,"24H / 7J",-73.57431507058209,45.52539856080343,298994.9,5042833.9
"38-763","Au coin de la rue Clark et la rue Sherbrooke O. Situé nord-est de l'intersection","Public","Poste public actif",6,"24H / 7J",-73.56977033457952,45.51202428159057,299348.6,5041347.3
"38-718","Au coin de la rue Saint-Denis et la rue De Malines. Situé au nord-est de l'intersection. ITHQ","Public","Poste public actif",6,"24H / 7J",-73.5693658591299,45.51792342168916,299380.8,5042002.8
"38-715","Au coin de la rue Prince-Arthur O et l'avenue Du Parc . Situé au nord-ouest de l'intersection","Public","Poste public actif",10,"24H / 7J",-73.57580879206546,45.51043555516835,298876.6,5041171.2
"38-272","Au coin de la rue Rachel O et le boul. Saint-Laurent . Situé au sud-ouest de l'intersection","Public","Poste public actif",2,"24H / 7J",-73.58167934457015,45.517918347386676,298418.8,5042003.2
"38-264","Au coin de la rue Cherrier et la rue Saint-André. Situé au sud-ouest de l'intersection","Public","Poste public actif",3,"24H / 7J",-73.56786060372542,45.520534392895286,299498.6,5042292.9
"35-692","Au coin du boul.Saint-Laurent et la rue Saint-Zotique E. Situé au sud-ouest de l'intersection","Public","Poste public actif",2,"24H / 7J",-73.61195182747906,45.531757200708235,296055.9,5043544
"38-270","Au coin de l'avenue Mont-Royal O et l'avenue De L'esplanade . Situé au sud-ouest de l'intersection","Public","Poste public actif",4,"24H / 7J",-73.5879948878357,45.51787483817781,297925.4,5041998.9
"38-846","Au coin de la rue Fabre et le boul. Saint-Joseph E. Situé au nord-ouest de l'intersection","Public","Poste public actif",3,"24H / 7J",-73.5810785294234,45.53385329017077,298467.5,5043774
"38-851","Au coin de la rue Messier et l'avenue du Mont-Royal. Situé nord-ouest de l'intersection","Public","Poste public actif",4,"24H / 7J",-73.57080030480574,45.53702470737394,299270.6,5044125.7
"38-850","Au coin de la rue Berri et le boul. Saint-Joseph E. Situé au nord-est de l'intersection","Public","Poste public actif",2,"Lun au Ven de 8h00 à 19h00.",-73.5870008472557,45.52750991982854,298004.2,5043069.5
"38-674","Au coin de la rue Rivard et l'avenue Mont-Royal E. Situé au sud-est de l'intersection","Public","Poste public temporaire",4,"24H / 7J",-73.5821479232788,45.52441993327393,298382.9,5042725.7
"15-809","Au coin de la rue Peel et la rue Wellington. Situé au sud-est de l'intersection","Public","Poste public actif",6,"24H / 7J",-73.55726751948242,45.49329036327308,300324,5039264.6
"15-782","Au 225 rue Bridge (Poste Canada). Poste privé Taxi Diamond","Privé","Poste prive actif",3,"24H / 7J",-73.54923937857359,45.486829856569,300951,5038546.2
"15-765","Au coin de la rue Duvernay et l'av. Atwater. Situé au nord-est de l'intersection","Public","Poste public actif",3,"24H / 7J",-73.57711011219482,45.48080519399696,298771.8,5037878.4
"15-598","Au coin de la rue Des Seigneurs et de la rue Saint-Jacques. Situé au nord-ouest de l'intersection","Public","Poste public actif",6,"24H / 7J",-73.57224576668699,45.489144492204034,299152.9,5038804.8
"15-596","Au coin du Ch. De la station et la rue Notre-Dame O. Situé au nord-ouest de l'intersection","Public","Poste public actif",3,"24H / 7J",-73.58386628095093,45.47819221487209,298243.3,5037588.6
"15-595","Au coin de la rue Charon et la rue Wellington. Situé au nord-ouest de l'intersection","Public","Poste public actif",4,"24H / 7J",-73.55903290950926,45.479376811145535,300184.9,5037718.5
"15-594","Au coin de la rue Centre et la rue Charlevoix. Situé au sud-est de l'intersection","Public","Poste public actif",2,"24H / 7J",-73.56938047357175,45.47870350010422,299375.9,5037644.3
"15-655","Au 147 Av. Atwater (Stationnement Super C). Poste privé de Taxi Coop Montréal","Privé","Poste prive actif",4,"24H / 7J",-73.57558711957398,45.4805256638776,298890.8,5037847.2
"15-754","Au coin de la rue Notre-Dame O et le Sq.Sir-George-Étienne-Cartier. Situé au sud-ouest de l'intersection","Public","Poste public actif",2,"24H / 7J",-73.5872703016052,45.47419397806124,297976.7,5037144.5
"15-797","Au coin de la rue Notre-Dame O est rue De la Montagne. Situé au sud-est de l'intersection","Public","Poste public actif",4,"24H / 7J",-73.56431928354493,45.49318780382408,299772.8,5039253.6
"15-744","Au coin de la rue Richardson et la rue Shearer. Situé au sud-est de l'intersection","Public","Poste public actif",3,"LUN au VEN de 8H à 20H",-73.56264749947508,45.483432208729276,299902.6,5038169.4
"48-868","Au coin du boul. Rosemont et le boul. Langelier. Situé au nord-est de l'intersection","Public","Poste public actif",4,"24H / 7J",-73.55465126194758,45.586716670910995,300535.6,5049647
"48-867","Au 7455 rue Sherbrooke E. Poste privé de Taxi Diamond. Maxi","Privé","Poste prive actif",5,"24H / 7J",-73.54114071772153,45.59340055918141,301590.2,5050389.2
"48-866","Au coin du boul. Langelier et la rue Sherbrooke E. Situé au sud-ouest de l'intersection","Public","Poste public actif",4,"24H / 7J",-73.54307913783487,45.58264812461223,301438.3,5049194.3
"48-864","Au coin de l'avenue De Granby et la rue Hochelaga. Situé au nord-ouest de l'intersection","Public","Poste public actif",4,"24H / 7J",-73.5325541496195,45.57877340146011,302259.4,5048763.4
"48-863","Au coin de la rue Faradon et la rue Du Trianon. Situé au nord-ouest de l'intersection","Public","Poste public actif",4,"24H / 7J",-73.54017790422972,45.59024056897398,301665.1,5050038
"48-862","Au coin de la rue De Cadillac et la rue Sherbrooke E. Situé au nord-est de l'intersection","Public","Poste public actif",4,"24H / 7J",-73.54684925026959,45.57695346542996,301143.7,5048561.7
"48-791","Au coin de la rue François-Boivin et la rue Beaubien E. Situé au nord-ouest de l'intersection","Public","Poste public actif",3,"24H / 7J",-73.55951630685422,45.59040806366157,300156.2,5050057.5
"48-343","Au coin de la rue Pierre-Tétrault et la rue Hochelaga. Situé au nord-est de l'intersection","Public","Poste public actif",4,"24H / 7J",-73.52026748663775,45.60092592753438,303218.9,5051224.9
"48-342","Au coin de l'avenue Mercier et la rue Notre-Dame E. Situé au sud-ouest de l'intersection","Public","Poste public actif",5,"24H / 7J",-73.51157712936805,45.59558108100401,303896.8,5050630.8
"48-340","Au coin de la rue Desmarteaux et la rue Sherbrooke E. Situé au nord-ouest de l'intersection","Public","Poste public actif",2,"24H / 7J",-73.52853959206544,45.60775460553625,302573.9,5051984
"48-338","Au coin de la rue A. A-Desroches et la rue Hochelaga. Situé au nord-est de l'intersection","Public","Poste public actif",4,"24H / 7J",-73.52360386032717,45.594423330871756,302958.4,5050502.3
"23-186","Au coin de la rue Théodore et l'avenue Pierre-de-Coubertin. Situé au sud-est de l'intersection","Public","Poste public actif",3,"24H / 7J",-73.54661750767264,45.56121102128603,301160.8,5046812.2
"23-185","Au 5000 rue Sherbrooke E (Hotel Universel). Poste privé de Taxi Hochelaga","Privé","Poste prive actif",2,"24H / 7J",-73.5535723455078,45.56586912397786,300618.2,5047330.2
"23-181","Au coin de la rue Nicolet et la rue Sainte-Catherine E. Situé au sud-ouest de l'intersection","Public","Poste public actif",4,"24h / 7J",-73.53782153115236,45.5444856534763,301846.6,5044953.1
"23-180","Au coin de la rue Moreau et la rue Hochelaga. Situé au nord-est de l'intersection","Public","Poste public actif",2,"24h / 7J",-73.55479043068846,45.54160230145006,300521.3,5044633.4
"23-178","Au coin de la rue Joliette et la rue Hochelaga. Situé au sud-ouest de l'intersection","Public","Poste public actif",4,"24H / 7J",-73.55133391484986,45.54672755401565,300791.6,5045202.8
"23-176","Au coin de la rue Cuvillier et la rue Ontario E. Situé au sud-ouest de l'intersection","Public","Poste public actif",4,"24h / 7J",-73.54591813383786,45.54356787719785,301214.3,5044851.4
"23-183","Au coin de l'avenue Pierre-de-Coubertin et le boul. Pie-IX. Situé au sud-ouest de l'intersection","Public","Poste public temporaire",7,"24H / 7J",-73.55170297596487,45.55336819452575,300763.2,5045940.8
"48-788","Au 3075 boul. De L'Assomption. Métro de l'Assomption","Public","Poste public actif",2,"24H / 7J",-73.54670826011888,45.56891468606902,301154.2,5047668.3
"23-177","Au coin de l'avenue Desjardins et la rue Ontario E. Situé au nord-ouest de l'intersection","Public","Poste public actif",5,"24H / 7J",-73.5410571227539,45.55121870967869,301594.3,5045701.5
"48-341","Au coin de la rue Honoré-Beaugrand et la rue Sherbrooke E. Situé au nord-ouest de l'intersection","Public","Poste public actif",8,"24H / 7J",-73.53492631296695,45.596435162747646,302075.2,5050726.2
"48-865","Au 3235 avenue De Granby. Poste privé de Taxi Coop. Centre commercial Domaine","Privé","Poste prive actif",6,"24H / 7J",-73.54223957130279,45.581706607575406,301503.7,5049089.7
"23-184","Au coin de la rue Préfontaine et la rue Sherbrooke E. Situé au sud-ouest de l'intersection","Public","Poste public actif",1,"24H / 7J",-73.55738635189817,45.543091975193484,300318.7,5044799.1
"48-861","Au coin de la rue De Cadillac et la rue Hochelaga. Situé au nord-est de l'intersection","Public","Poste public actif",2,"24H / 7J",-73.5358357317383,45.57329517335842,302003.1,5048154.7
"23-910","Av. Valois - Ontario E.","Public","Poste public actif",4,"24H / 7J",-73.54374641534423,45.547239219814024,301384.1,5045259.3
"39-884","6425, boul. Léger (Réserve) / Mail Langelier. Privé Coop de l'Est","Privé","Poste prive actif",7,"",-73.62226732195127,45.62355347070872,295265.7,5053746.6
"39-870","6425 boul. Léger (Tigre Géant) / Mail Langelier.","En commun","Poste encommun actif",2,"",-73.62296469629514,45.623793579681966,295211.4,5053773.4
"39-278","10495, boul. Pie-IX / Centre commercial Forest. Privé Hochelaga","Privé","Poste prive actif",4,"",-73.634381222229,45.589019694844204,294314.6,5049910.3
"39-284","Au coin du boul. Henri-Bourassa et la rue Lacordaire. Situé au sud-est de l'intersection. Petro-Canada","En commun","Poste encommun actif",4,"De soir",-73.61936760367826,45.60662528405188,295489,5051865
"39-875","Au 11300 boul. Lacordaire. Poste privé de Taxi Coop de l'Est . Esso","Privé","Poste prive actif",8,"24H / 7J",-73.61901877301636,45.605647311912726,295516.1,5051756.3
"39-873","Au 6000 boul. Henri-Bourassa E. Poste privé de Taxi Hochelaga. Épicerie Super C","Privé","Poste prive actif",7,"24H / 7J",-73.61778434868774,45.607130833233256,295612.6,5051921
"39-871","Au coin de la rue De Charleroi et l'avenue Lamoureux. Situé au nord-est de l'intersection.","Public","Poste public actif",4,"18H30 à 9H",-73.62721252480696,45.59888413591831,294875.7,5051005.7
"39-277","Au coin de l'avenue Pelletier et le boul. Henri-Bourassa E. Situé au sud-est de l'intersection","Public","Poste public actif",3,"24H / 7J",-73.63998134819337,45.59850316807809,293879.5,5050965
"39-276","Au coin du boul. Saint-Michel et la rue Fleury E. Situé au nord-est de l'intersection","Public","Poste public actif",2,"24H / 7J",-73.64317703253613,45.57969367314508,293626.5,5048875.1
"39-274","Au coin du 3279 boul. Henri-Bourassa E et le boul. Saint-Michel. Situé au nord-est de l'intersection","Public","Poste public actif",1,"24H / 7J",-73.65041209391785,45.584213917021046,293062.8,5049378.5
"39-872","Au coin de l'avenue Georges-Pichet et la rue De Charleroi. Situé au nord-ouest de l'intersection","Public","Poste public actif",2,"24H / 7J",-73.62678337070975,45.59918440424656,294909.3,5051039
"39-874","Au 6425 boul. Léger. Mail Langelier","En commun","Poste encommun actif",7,"24H / 7J",-73.62300806560671,45.62305315143496,295207.9,5053691.1
"3-585","15760, boul. de Pierrefonds. Marché Akhawan. Poste privé de la compagnie Taxi Coop de l'Ouest","Privé","Poste prive actif",6,"24H / 7J",-73.8673209013275,45.478431284205975,276082.8,5037677.4
"3-31","4849, boul. Saint-Jean. Épicerie Provigo. Poste privé de la compagnie Taxi Coop de l'Ouest.","Privé","Poste prive actif",4,"24H / 7J",-73.8501506,45.4909606,277431.3,5039063.7
"3-29","9562, boul. Gouin O.. Bowl-O-Drome. Poste privé Taxi Coop de l'Ouest","Privé","Poste prive actif",10,"24H / 7J",-73.78057847301636,45.503620711983,282874.1,5040449.3
"45-917","Boul. Armand-Bombardier / boul. Perras. Situé au nord-ouest de l'intersection sur le boul. Armand-Bombardier","Public","Poste public actif",5,"",-73.59730238042603,45.63861771127216,297214.5,5055418.1
"45-902","Au coin de l'avenue Rita-Levi-Montalcini et du boul. Maurice-Duplessis.. Situé au sud-est de l'intersection","Public","Poste public actif",3,"24H / 7J",-73.57990084732972,45.63833878441171,298571,5055385.6
"49-740","Au coin de la rue Léonard-Chaigneau et la rue Notre-Dame E. Situé au nord-ouest de l'intersection","Public","Poste public actif",2,"24H / 7J",-73.48833577962341,45.69342707130519,305708.4,5061504.7
"49-690","Au coin du boul. De la Rousselière et de la rue Sherbrooke E. Situé au nord-ouest de l'intersection","Public","Poste public actif",10,"24H / 7J",-73.50534541534421,45.66930931353723,304383.5,5058824.4
"49-346","Au 12 900 rue Notre-Dame E. Centre Le Cardinal","En commun","Poste encommun actif",4,"24H / 7J",-73.48966608095094,45.65282410300077,305605.4,5056992.3
"45-554","Au coin du boul. Rivières-des-Prairies et le boul. Maurice-Duplessis. Situé au nord-ouest de l'intersection","Public","Poste public actif",5,"24H / 7J",-73.56180519206544,45.650804400000006,299982.8,5056769.7
"45-553","Au coin du boul. Maurice-Duplessis et le boul. Armand-Bombardier. Situé au nord-ouest de l'intersection","Public","Poste public actif",7,"24H / 7J",-73.58972327829588,45.63142808632133,297804.4,5054618.4
"49-349","Au 1484 boul. Saint-Jean-Baptiste / Les galeries Saint-Jean-Baptiste.  .","En commun","Poste encommun actif",5,"24H / 7J",-73.50467078710251,45.64213343116583,304435.9,5055804.2
"49-350","Au 12695 rue Sherbrooke E. Poste privé de Taxi Coop de l'Est. Épicerie Super C","Privé","Poste prive actif",3,"24H / 7J",-73.51107596249618,45.654911893409476,303936.8,5057224.4
"44-908","Le poste est situé au coin des rues Molson et William-Tremblay (sud-est).","Public","Poste public actif",5,"En tout temps",-73.56487921957398,45.54159271253005,299733.4,5044632.9
"44-860","Au coin du boul. Rosemont et la rue Châtelain. Situé au nord-est de l'intersection","Public","Poste public actif",5,"24H / 7J",-73.56208848992537,45.57575866708983,299954.3,5048429.7
"44-858","Au coin de la rue Saint-Zotique E et la rue Jeanne-Jugan. Situé au nord-est de l'intersection","Public","Poste public actif",7,"24H / 7J",-73.57042157636897,45.57934035936484,299304.3,5048828.3
"44-856","Au coin de la 13e avenue et le boul. Rosemont. Situé au nord-ouest de l'intersection","Public","Poste public actif",2,"24H / 7J",-73.57968378106307,45.554216384964484,298578.7,5046036.9
"44-843","Au coin de l'avenue Louis-Hébert et la rue Beaubien. Situé au nord-est de l'intersection","Public","Poste public actif",7,"24H / 7J",-73.59216785509489,45.54833438762879,297603.2,5045384.2
"44-722","Au coin de l'avenue Valois et Place Victor-Bourgeau. Situé au sud-est de l'intersection","Public","Poste public actif",5,"24H / 7J",-73.55602738042603,45.55092167950858,300425.4,5045669.2
"44-657","Au 2535 rue Masson. Poste privé Taxi Coop. Maxi","Privé","Poste prive actif",3,"24h / 7J",-73.5774145116394,45.5441224,298754.8,5044914.9
"44-311","Au coin de la 3e avenue et la rue Masson. Situé au nord-ouest de l'intersection","Public","Poste public actif",4,"24H / 7J",-73.57607889149222,45.54644772002215,298859.3,5045173.2
"44-310","Au coin de la 17e avenue et la rue Masson. Situé au sud-est de l'intersection","Public","Poste public actif",4,"24H / 7J",-73.57065010044607,45.55534327774547,299284.1,5046161.4
"35-693","Au coin de la rue Beaubien E et la rue De la Roche. Situé au nord-est de l'intersection","Public","Poste public actif",3,"24H / 7J",-73.600965499354,45.53880648359106,296914.9,5044326.2
"35-641","Au coin de la rue De Saint-Vallier et la rue Jean-Talon E . Situé au sud-ouest de l'intersection","Public","Poste public actif",4,"24H / 7J",-73.6043464,45.5347588,296650.3,5043876.7
"35-638","Au coin de l'avenue Chateaubriand et la rue Beaubien E. Situé au nord-ouest de l'intersection","Public","Poste public actif",3,"24H / 7J",-73.60391807713307,45.535426246246686,296683.9,5043950.9
"44-859","Au coin de la rue Bélanger et la rue Viau. Situé au nord-est de l'intersection. Institut de cardiologie","Public","Poste public temporaire",4,"24H / 7J",-73.58006572736485,45.57363409937181,298551,5048194.8
"35-640","Au coin de la rue Saint-Vallier et la rue De Bellechasse. Situé au sud-ouest de l'intersection","Public","Poste public actif",4,"24H / 7J",-73.61369419071707,45.53885833602515,295920.9,5044333.3
"44-568","Au 2925 rue Rachel E. Poste privé Diamond - Hochelaga. Provigo","Privé","Poste prive actif",2,"24H / 7J",-73.56170672750854,45.54500790240152,299981.4,5045012.3
"44-800","Au coin de la 16e avenue et la rue Bellechasse. Situé au nord-ouest de l'intersection","Public","Poste public actif",5,"24H / 7J",-73.57961940739187,45.557191334354386,298584,5046367.5
"44-312","Au coin de la 7e avenue et la rue Masson. Situé au nord-est de l'intersection","Public","Poste public actif",4,"24H / 7J",-73.57466483103053,45.54870517635146,298970,5045424
"44-857","Au coin du boul. L'Assomption et l'avenue Des Saules. Situé au sud-est de l'intersection","Public","Poste public actif",8,"24H / 7J",-73.55745577799098,45.5727129785681,300315.6,5048090.9
"35-538","Au coin de la rue Chabot et le boul. Rosemont. Situé au nord-ouest de l'intersection","Public","Poste public actif",4,"24H / 7J",-73.590476990139,45.54180404046599,297734.4,5044658.4
"7-922","1115, boul. Décarie. Poste privé de Champlain situé aux Galeries Norgate","Privé","Poste prive actif",2,"",-73.68346623439331,45.51538355317106,290466,5041734.6
"7-921","6005, boul. de la Côte-Vertu . situé devant la porte d'Air Inuit","En commun","Poste encommun actif",4,"",-73.7303930907379,45.478375910466426,286787.8,5037631.4
"7-920","boul. Pitfield au coin du boul. de la Côte-Vertu. Situé au nord-ouest de l'intersection sur le boul. Pitfield","Public","Poste public actif",8,"24H/7J",-73.72334857672121,45.482347955406375,287339.8,5038071.2
"7-813","Au 3131 boul. de la Côte-Vertu (RBC). Poste privé de Taxi Champlain","Privé","Poste prive actif",8,"24H/ 7J",-73.70399126029662,45.49803330178101,288857.5,5039810.3
"7-793","Au coin du 1115 Décarie et le boul. De la Côte-Vertu. Poste privé de Taxi Champlain","Privé","Poste prive actif",6,"24H / 7J",-73.68284701957396,45.51465315280705,290514.2,5041653.3
"7-73","Au 6600 boul. de la Côte-de-Liesse (Hotel Crowne Plaza). Poste privé de Taxi Diamond","Privé","Poste prive actif",3,"24H / 7J",-73.69228111045072,45.484378488114814,289769,5038290.6
"7-64","Au coin du boul. Decarie et de la rue Du College. Situé au sud-est de l'intersection","Public","Poste public actif",4,"24H / 7J",-73.67476451531371,45.50945567046777,291144.4,5041074.3
"7-814","Au 4545 boul. de la Côte-Vertu (Hotel Days Inn). Poste privé de Taxi Diamond","Privé","Poste prive actif",4,"24H / 7J",-73.7171502465576,45.48747336572323,287825.9,5038639.5
"7-65","Au coin du  boul. Édouard-Laurin et du boul. Décarie. Situé au sud-ouest de l'intersection","Public","Poste public actif",3,"24H / 7J",-73.68175818490295,45.51325629464034,290598.9,5041497.9
"7-815","Au coin du 1015 rue Décarie et du boul. de la Côte-Vertu. Poste privé de Taxi Diamond-Hochelaga","Privé","Poste prive actif",8,"24H / 7J",-73.66801643685898,45.50304441899878,291670.2,5040360.7
"7-71","Au 9191 boul.Cavendish (IKEA). Poste privé de Taxi Diamond","Privé","Poste prive actif",3,"24H / 7J",-73.69004094337765,45.49075493501157,289945.8,5038998.8
"7-63","Au 7700 Chemin de la Côte-de-Liesse (Quality Hotel). Poste privé de Taxi Diamond","Privé","Poste prive actif",4,"24H / 7J",-73.70099556878665,45.47824561462481,289086.1,5037610.7
"7-887","7000, Place Robert-Joncas / Hôtel Courtyard .","Privé","Poste prive actif",1,"7J / 24H",-73.7003602246063,45.493207496288235,289139.9,5039273.3
"42-729","Au 4325 rue Jean-Talon E. Poste privé de Taxi Coop de l'Est. Épicerie Maxi","Privé","Poste prive actif",6,"24h / 7J",-73.59004091772158,45.5698811401204,297772,5047778.6
"42-669","Au coin de la rue Buies et la rue Jean-Talon E. Situé au nord-ouest de l'intersection","Public","Poste public actif",5,"24H / 7J",-73.58635711709212,45.57270959910509,298059.9,5048092.6
"42-651","Au coin du boul. Viau et le boul. Robert. Situé au nord-est de l'intersection","Public","Poste public actif",8,"24H / 7J",-73.60504674950789,45.584319204499025,296602.8,5049384.5
"42-645","Au coin de la rue Fleuricourt et la rue Jarry. Situé au sud-est de l'intersection","Public","Poste public actif",5,"24H / 7J",-73.59249702593382,45.58264640715659,297581.9,5049197.4
"42-644","Au coin du boul. Couture et du boul. Viau. Situé au nord-est de l'intersection","Public","Poste public actif",2,"24H / 7J",-73.61461257882183,45.58892258157111,295857.1,5049897.1
"42-643","Au coin du boul. Couture et le boul. Lacordaire. Situé au nord-est de l'intersection","Public","Poste public actif",3,"24H / 7J",-73.6087067200989,45.596813593098624,296319.1,5050773.4
"42-302","Au coin de la rue Valdombre et la rue Jean-Talon E. Situé au sud-est de l'intersection","Public","Poste public actif",3,"24H / 7J",-73.57864865239259,45.587012968060726,298663.1,5049681.5
"42-300","Au 7445 boul. Langelier. Poste privé de Taxi Hochelaga. Walmart","Privé","Poste prive actif",6,"24H / 7J",-73.57290463757323,45.59246443345275,299111.8,5050286.9
"42-299","Au coin de la rue Bélanger et la rue De Choisy. Situé au nord-est de l'intersection","Public","Poste public actif",5,"24H / 7J",-73.57206000583494,45.58344955941366,299176.8,5049285
"42-730","Au 4270 rue Jean-Talon E. Poste privé de Taxi Coop de Montréal. Centre Le Boulevard","Privé","Poste prive temporaire",2,"24H / 7J",-73.58991914868773,45.56770046370933,297781.2,5047536.2
"42-650","Au coin du boul. Robert et la rue De Honfleur. Situé au nord-ouest de l'intersection","Public","Poste public actif",4,"24H / 7J",-73.59111857440439,45.593288909114676,297690.8,5050380
"16-784","Au 1 Carrefour Alexandre-Graham-Bell (Campus Bell). Poste privé de Taxi Diamond","Privé","Poste prive actif",4,"24H / 7J",-73.53992742750853,45.47260192130647,301678.1,5036964.7
"16-608","Au 3000 Wellington (Maxi). Poste privé de Taxi Pontiac","Privé","Poste prive actif",5,"24H / 7J",-73.56346197619627,45.47110801519941,299837.9,5036799.8
"16-606","Au coin de la rue Rushbrooke et la rue Caisse. Situé au sud-ouest de l'intersection","Public","Poste public actif",2,"24H / 7J",-73.56543581055905,45.47053027771151,299683.5,5036735.8
"16-605","Au 4000 Boul. Lasalle (Hopital de Verdun)","Public","Poste public actif",5,"24H / 7J",-73.56448757619626,45.46421646675062,299757.1,5036034.1
"16-601","Au coin de la rue Berlioz et le boul. Ile-des-soeurs. Situé au sud-ouest de l'intersection","Public","Poste public actif",3,"24H / 7J",-73.54436874389648,45.45936305580227,301330.1,5035493.6
"16-149","Au coin de la rue De Verdun et la 1e Avenue. Situé au nord-est de l'intersection","Public","Poste public actif",5,"24H / 7J",-73.5718899211792,45.45874026939313,299177.7,5035426
"16-148","Au coin de l'avenue Brown et l'avenue Bannantyne. Situé au nord-ouest de l'intersection","Public","Poste public actif",5,"24H / 7J",-73.5771472280029,45.4481313611597,298765.4,5034247.4
"16-147","Au coin de l'avenue Bannantyne et le boul. Lasalle (Hopital Douglas). Situé au nord-ouest de l'intersection","Public","Poste public actif",5,"24H / 7J",-73.57710644550781,45.44373877231892,298768.1,5033759.2
"15-144","Au coin du boul. Monk et la rue Allard. Situé au sud-ouest de l'intersection","Public","Poste public actif",4,"24H / 7J",-73.59333876347654,45.45102334906249,297499.2,5034570.1
"15-143","Au coin de la rue Lacroix (Métro Angrignon) et le boul. Des Trinitiares. Situé au nord-ouest de l'intersection","En commun","Poste encommun actif",6,"24H / 7J",-73.60134189682003,45.446535435785286,296872.6,5034072.1
"15-142","Au coin de la rue Le Caron et la rue Laurendeau. Situé au sud-ouest de l'intersection","Public","Poste public actif",2,"24H / 7J",-73.58818816931154,45.46191799983127,297903.4,5035780.4
"15-140","Au coin de la rue Monk (Métro Jolicoeur) et la rue Jolicoeur. Situé au nord-ouest de l'intersection","Public","Poste public actif",4,"24H / 7J",-73.5822687232178,45.45708240539611,298365.8,5035242.5
"15-139","Coin de la rue Denonville et du boul. Monk. Situé au nord-ouest de l'intersection.","Public","Poste public actif",2,"24H / 7J",-73.59717796934206,45.46105380432641,297200.3,5035685.2
"16-603","Au coin de la rue De Gaspé et le boul. Ile-des-soeurs. Situé au nord-ouest de l'intersection","Public","Poste public actif",3,"24H / 7J",-73.54705095291138,45.453598330697254,301119.9,5034853.1
"16-145","Au coin de la 5e Avenue et la rue De Verdun. Situé au nord-est de l'intersection","Public","Poste public temporaire",4,"24H / 7J",-73.57215642929077,45.4564690079286,299156.6,5035173.6
"16 - 890","Situé sur la rue de L'Église au coin de la rue Wellington (sud-est de l'intersection)","Public","Poste public actif",5,"24H/7J",-73.56655083062742,45.46302220208495,299595.6,5035901.5
"16-602","Au 42 Place du Commerce (Provigo). Poste privé de Taxi Diamond","Privé","Poste prive actif",2,"24H / 7J",-73.54448240132751,45.46649177296971,301321.6,5036285.8
"16-151","Au coin de la rue Woodland et l'Avenue Bannantyne. Situé au sud-ouest de l'intersection","Public","Poste public actif",2,"24H / 7J",-73.57629775239258,45.45279683010753,298832.3,5034765.8
"16-607","Au 30 Place du Commerce (IGA). Poste privé de Taxi Pontiac","Privé","Poste prive actif",5,"24H / 7J",-73.53984383068848,45.46837549153415,301684.5,5036495
"15-141","Au coin de la rue Jolicoeur et le boul. Monk. Situé au sud-ouest de l'intersection","Public","Poste public actif",2,"24H / 7J",-73.59520769950564,45.45681148060742,297353.8,5035213.5
"20-904","Av. McGill College / Cathcart. Situé au Nord-Ouest de l'intersection sur av. McGill College","Public","Poste public actif",6,"",-73.57036198161468,45.50146305987272,299301.3,5040173.7
"20-899","1390, boul. René-Lévesque O.. Hôtel Holiday Inn Suites. Le poste est situé derrière l'hôtel. Poste privé de Pontiac","Privé","Poste prive actif",2,"",-73.57243338332823,45.49514959237528,299138.8,5039472.2
"21-919","208, rue Saint-Antoine O. - Hôtel Embassy Suites","Privé","Poste prive actif",2,"24h / 7j",-73.55897555945513,45.504174287632914,300191.4,5040474.2
"21-900","250, boul René-Lévesque O. / AC Hôtel Mariott","Privé","Poste prive actif",2,"24H / 7J",-73.56348483862303,45.5057756829141,299839.2,5040652.5
"20 - 904","Av. McGill College coin rue Cathcart","Public","Poste public actif",6,"24 H / 7 J",-73.57125742009885,45.50190536852262,299231.4,5040222.9
"20-899","1390, boul René-Lévesque O. . Hôtel Holiday Inn & Suites. Derrière l'hôtel","Privé","Poste prive actif",2,"24H / 7J",-73.57247093425445,45.49521351734022,299135.9,5039479.3
"22-810","Au coin de la rue Sainte-Catherine E et la rue Montcalm. Situé au nord-ouest de l'intersection","Public","Poste public actif",4,"24H / 7J",-73.55635539364016,45.51834019510486,300397.2,5042048.4
"22-172","Au coin de la rue Sainte-Catherine E et la rue Plessis. Situé au sud-ouest de l'intersection","Public","Poste public actif",6,"Soir",-73.55432871954343,45.52044815312354,300555.7,5042282.5
"22-171","Au coin de la rue Plessis et la rue Sherbrooke E. Situé au sud-est de l'intersection","Public","Poste public actif",8,"24H / 7J",-73.56454861157545,45.52537112578774,299757.8,5042830.2
"22-170","Au coin de la rue Fullum et la rue Sainte-Catherine E. Situé au sud-ouest de l'intersection","Public","Poste public actif",5,"24H / 7J",-73.54813241945521,45.52710404071346,301040.2,5043021.9
"22-169","Au coin de la rue Du Havre et la rue Ontario E. Situé au sud-est de l'intersection","Public","Poste public actif",10,"24H / 7J",-73.55213621957398,45.53350276907257,300728,5043733.2
"22-168","Au coin de la rue Dorion et la rue Sainte-Catherine E. Situé au nord-est de l'intersection","Public","Poste public actif",8,"24H / 7J",-73.5515042883606,45.52369599529935,300776.6,5042643.3
"21-819","Au 1400 boul. René-Levesque E (Maison de Radio-Canada)","En commun","Poste encommun actif",4,"24H / 7J",-73.55218630265506,45.51853510952077,300723,5042069.8
"21-818","Au coin de la rue Sherbrooke E et la rue Plessis . Situé au sud-est de l'intersection","Public","Poste public actif",3,"24H / 7J",-73.56468808644422,45.525431258051476,299746.9,5042836.9
"21-798","Au coin de la rue Saint-Antoine O et le boul. Saint-Laurent. Situé au sud-ouest de l'intersection","Public","Poste public actif",12,"LUN au VEN 8h à 18h",-73.55719184888585,45.506740901271854,300331,5040759.4
"21-790","Au coin de la rue Saint-Jacques et la rue Saint-Francois-Xavier. Situé au sud-est de l'intersection","Public","Poste public actif",6,"24h / 7J",-73.55810809141985,45.5042632279351,300259.2,5040484.1
"21-781","Au 380 boul. René-Levesque O (Derrière hôtel Marriot Courtyard). Poste privé de Taxi Pontiac","Privé","Poste prive actif",3,"24H / 7J",-73.5639564693115,45.50522566819983,299802.2,5040591.4
"21-738","Au 270 rue Saint-Antoine O (Hotel Westin). Poste privé de Taxi Pontiac","Privé","Poste prive actif",1,"24h / 7J",-73.55980014603273,45.50369207779791,300126.9,5040420.7
"21-723","Au coin de l'avenue Viger O et la rue Côté. Situé au nord-est de l'intersection","Public","Poste public actif",4,"24H / 7J",-73.56037179377898,45.50584338087859,300082.4,5040659.8
"21-512","Au coin du 10 rue Saint-Antoine (Palais de justice) et la rue Saint-Laurent. Situé au sud-est de l'intersection","Public","Poste public actif",2,"LUN à VEN 8h à 18h",-73.55719029895022,45.50690096283205,300331.1,5040777.2
"21-484","Au coin du boul. René-levesque O et la rue Clark. Situé au nord-ouest de l'intersection","Public","Poste public actif",2,"24H / 7J",-73.56213411904906,45.50850358653793,299944.9,5040955.5
"21-405","Au coin du 999 rue Saint-Urbain (Holiday Inn) et la rue Viger O. Poste privé de Taxi Pontiac","Privé","Poste prive actif",4,"24H / 7J",-73.55979228465577,45.506529195032385,300127.8,5040736
"21-402","Au coin de la rue Saint-Hubert et la rue Sainte-Catherine E. Situé au sud-est de l'intersection","Public","Poste public actif",7,"24H / 7J",-73.55875256403198,45.51535554169436,300209.7,5041716.8
"21-394","Au Casino de Montréal, réserve au sud-est","En commun","Poste encommun actif",18,"24H / 7J",-73.52462128570556,45.50707528020413,302876.1,5040795.2
"21-393","Au coin du 175 boul. René-levesque O et le complexe Desjardins. Situé au nord-est de l'intersection","Public","Poste public actif",10,"24H / 7J",-73.56307986983643,45.507505294176624,299870.9,5040844.7
"21-387","Au 1 Avenue Du Casino","Public","Poste public actif",3,"24H / 7J",-73.52579042883605,45.50565404153001,302784.7,5040637.3
"20-770","Au coin de la rue Wellington et la rue Queen. Situé au sud-ouest de l'intersection","Public","Poste public actif",5,"24H / 7J",-73.55533886931153,45.497548456856244,300475.1,5039737.7
"20-760","Au coin de la rue Du Square-Victoria et la rue Saint-Antoine O. Situé au nord-est de l'intersection","Public","Poste public actif",6,"24H / 7J",-73.56195000503237,45.50146963579833,299958.7,5040173.8
"20-758","Au 380 rue Sherbrooke Ouest (Hotel Hilton Garden Inn). Poste privé de Taxi Pontiac","Privé","Poste prive actif",2,"24H / 7J",-73.57140215648349,45.50779168632687,299220.7,5040877
"20-751","Au coin de la rue Saint-Mathieu et la rue Sainte-Catherine O. Situé au nord-est de l'intersection","Public","Poste public actif",6,"24H / 7J",-73.57931882698364,45.493922573703045,298600.5,5039336.3
"20-681","Au coin du boul. René-Levesque O et la rue Lucien-L'Allier. Situé au sud-est de l'intersection","Public","Poste public actif",3,"24H / 7J",-73.57291883467099,45.495697750433024,299100.9,5039533.1
"20-678","Au coin de la Place Monseigneur-Charbonneau et la Place Ville-Marie. Situé au nord-ouest de l'intersection","Public","Poste public actif",4,"24H / 7J",-73.56834765263977,45.502201911728356,299458.8,5040255.6
"20-673","Au coin du 800 boul. René-Levesque O et le boul. Robert-Bourassa. Situé au sud-ouest de l'intersection","Public","Poste public actif",3,"24H / 7J",-73.56728730793458,45.501708666214235,299541.6,5040200.7
"20-666","Au coin de la rue Saint-Antoine O et la rue Gauvin. Situé au sud-ouest de l'intersection","Public","Poste public actif",5,"24H / 7J",-73.56200931852413,45.501154263778005,299954.1,5040138.8
"20-619","Au 1625 Av. Des Pins O (Hopital Général Montréal-Livingston Hall)","En commun","Poste encommun actif",2,"24H / 7J",-73.5876556,45.4966242,297949.3,5039637.2
"20-614","Au coin du 3450 rue Drummond et Place Mountain. Situé au nord-ouest de l'intersection","Public","Poste public actif",2,"24H / 7J",-73.57879712988586,45.500750247791885,298642.1,5040095.1
"20-611","Au 687 Avenue Des Pins (Hopital Royal Victoria)","Public","Poste public actif",2,"24H / 7J",-73.58020687036134,45.50811772458275,298532.7,5040913.9
"20-467","Au coin de l'Avenue Union et la rue Sainte-Catherine O. Situé au nord-est de l'intersection","Public","Poste public actif",8,"24H / 7J",-73.56926618650817,45.50385781373937,299387.2,5040439.7
"20-466","Au coin de la rue Saint-Maurice et la rue Mcgill. Situé au sud-ouest de l'intersection","Public","Poste public actif",5,"24H / 7J",-73.55830545183716,45.500492861115795,300243.5,5040065.1
"20-460","Au coin de la rue Stanley et Sainte-Catherine O. Situé au sud-ouest de l'intersection","Public","Poste public actif",5,"24H / 7J",-73.57350311904906,45.49917043895496,299055.6,5039919.1
"20-459","Au 1201 boul. René-Levesque O (Centre Sheraton). Poste privé de Taxi Champlain","Privé","Poste prive actif",3,"24H / 7J",-73.57152006745912,45.49774487514418,299210.5,5039760.5
"20-458","Au coin de la rue Saint-Alexandre et le boul. René-Levesque O. Situé au nord-est de l'intersection","Public","Poste public actif",3,"24H / 7J",-73.56559374736025,45.50440823209937,299674.2,5040500.6
"20-456","Au coin du boul. René-Levesque O et le boul. Robert-Bourassa. Situé au sud-est de l'intersection","Public","Poste public actif",2,"24H / 7J",-73.56712045634458,45.50197481192606,299554.7,5040230.3
"20-455","Au coin de l'avenue Président-Kennedy et l'Avenue Mcgill College. Situé au nord-est de l'intersection","Public","Poste public actif",5,"24H / 7J",-73.57369216270445,45.503323523797164,299041.3,5040380.6
"20-451","Au coin de la rue Metcalfe et la rue Sainte-Catherine O. Situé au nord-est de l'intersection","Public","Poste public actif",3,"24H / 7J",-73.57224861177826,45.50078345720984,299153.8,5040098.3
"20-449","Au coin de la rue Metcalfe et le boul. De Maisonneuve O. Situé au nord-ouest de l'intersection","Public","Poste public actif",6,"24H / 7J",-73.57409029999997,45.501724302947316,299010,5040203
"20-448","Au coin de la rue Mcgill et la Place d'Youville. Situé au sud-est de l'intersection","Public","Poste public actif",8,"24H / 7J",-73.55648751799924,45.50001454067628,300385.5,5040011.8
"20-446","Au coin de la rue Mansfield et la rue De la Gauchetière O. Situé au sud-est de l'intersection","Public","Poste public actif",7,"24H / 7J",-73.56644355952454,45.49898879796768,299607.3,5039898.4
"20-444","Au coin du boul. De Maisonneuve O et la rue Stanley. Situé au nord-est de l'intersection","Public","Poste public actif",8,"24H / 7J",-73.57557536085204,45.500355055493095,298893.8,5040050.9
"20-440","Au coin de l'Avenue Lincoln et la rue Guy. Situé au nord-ouest de l'intersection","Public","Poste public actif",4,"24H / 7J",-73.58063719521482,45.49598728675269,298497.7,5039565.9
"20-438","Au coin de la rue Lambert-Closse et la rue Sainte-Catherine O. Situé au nord-est de l'intersection","Public","Poste public actif",5,"24H / 7J",-73.58353890000001,45.49024069751333,298270.3,5038927.5
"20-437","Au 895 De la Gauchetière Ouest (Gare Centrale). Poste privé de Taxi Champlain","Privé","Poste prive actif",12,"24H / 7J",-73.56624879073792,45.49996839859588,299622.6,5040007.3
"20-434","Au coin du 671 De la Gauchetière Ouest et le boul. Robert-Bourassa. Situé au nord-est de l'intersection","Public","Poste public actif",12,"24H / 7J",-73.56511608095093,45.50107663243742,299711.3,5040130.4
"20-432","Au 1050 rue Sherbrooke Ouest (Hotel Omni). Poste privé de Taxi Pontiac","Privé","Poste prive actif",2,"24H / 7J",-73.57617359881135,45.50204398720204,298847.2,5040238.6
"20-428","Au 1005 rue Guy (Hotel Espresso). Poste privé de Taxi Hochelaga","Privé","Poste prive actif",3,"24H / 7J",-73.57392511349184,45.49349995436386,299022.1,5039289
"20-421","Au 1180 rue De la Montagne (Hotel Novotel). Poste privé de Taxi Pontiac","Privé","Poste prive actif",2,"24H / 7J",-73.57342069999999,45.4969553,299061.8,5039672.9
"20-413","Au coin de la Cote du Beaver Hall et le boul. Rene-Levesque O. Situé au sud-est de l'intersection","Public","Poste public actif",7,"24H / 7J",-73.56612584498293,45.50306616963522,299632.5,5040351.5
"20-411","Au coin du 360 Saint-Antoine O et la rue Saint-Pierre. Situé au sud-ouest de l'intersection","Public","Poste public actif",8,"24H / 7J",-73.56034954232791,45.50306854725463,300083.9,5040351.4
"20-430","Au 900 de la Gauchetière Ouest (Hotel Bonaventure).","En commun","Poste encommun actif",1,"24H / 7J",-73.56479478941036,45.49923833969363,299736.2,5039926.1
"20-463","Au coin de la rue Saint-Jacques et Saint-Pierre. Situé au sud-ouest de l'intersection","Public","Poste public actif",2,"24H / 7J",-73.55921481324464,45.502557135290346,300172.6,5040294.5
"20-450","Au coin du 1155 Metcalfe et la rue René-Levesque. Situé au nord-est de l'intersection","Public","Poste public temporaire",3,"24H / 7J",-73.57054989577023,45.499970241945945,299286.5,5040007.8
"21-403","Au coin du boul. Saint-Laurent et la rue Saint-Paul. Situé au sud-est de l'intersection","Public","Poste public actif",5,"18H00 à 24h00",-73.55365927672119,45.5055737464631,300606.9,5040629.5
"20-613","Au coin du Ch. de la Côte-des-Neiges et la rue Seaforth. Situé au nord-ouest de l'intersection","Public","Poste public actif",2,"24H / 7J",-73.58570120118867,45.49624184141794,298102,5039594.6
"20-787","Au coin de la rue Crescent et la rue Nick-Auf Der Maur. Siuté au nord-est de l'intersection","Public","Poste public actif",6,"21h00 à 08h30",-73.57690397857363,45.497835632968304,298789.7,5039771
"22-736","Au coin de la rue Atateken et la rue Sainte-Catherine E. Situé au sud-est de l'intersection","Public","Poste public temporaire",4,"20h00 à 05h30",-73.55696203226319,45.51748595466302,300349.8,5041953.5
"21-386","Au coin du 1199 rue Berri (Fairfield Inn) et le boul. René-Levesque E","Public","Poste public actif",2,"24H / 7J",-73.55741464285279,45.51373224042066,300314.1,5041536.3
"20-706","Au coin de l'Avenue du Président-Kennedy et la rue Victoria. Situé au nord-est de l'intersection","Public","Poste public actif",3,"Lun au Ven de 8h00 à 18h00",-73.57307232142637,45.5039467693116,299089.8,5040449.9
"20-942","3775, University / Hôpital neurologique de Montréal. Situé au sud-est de l'adresse près du pavillon Duff","Public","Poste public actif",3,"24H / 7J",-73.5807022593857,45.50853730834761,298494.1,5040960.6
"20-691","Au coin de la rue Sainte-Catherine O et la rue Crescent. Situé au nord-ouest de l'intersection","Public","Poste public actif",5,"24H / 7J",-73.57583338042605,45.497205620314276,298873.3,5039700.9
"20-423","Au coin de la rue Drummond et la rue Sainte-Catherine O. Situé au nord-est de l'intersection","Public","Poste public actif",2,"",-73.57431717829593,45.49874115446183,298992,5039871.4
"22-671","Au 2099 rue Alexandre-DeSève (Hôpital Notre-Dame, pavillon J.A.DeSève)","Public","Poste public actif",4,"24h / 7J",-73.56222715158998,45.52507810047524,299939.1,5042797.5
"20-749","Au coin du boul. De Maisonneuve O et l'Avenue Mcgill College. Situé au nord-est de l'intersection","Public","Poste public temporaire",8,"24H / 7J",-73.57287140674589,45.50271068148125,299105.4,5040312.5
"20-424","Au 1240 Drummond (Hôtel Best Western Plus)","Public","Poste public actif",2,"24H / 7J",-73.5734514803566,45.498214821092155,299059.6,5039812.9
"22-173","Au coin du boul. René-levesque e et la rue De la Visitation. Situé au sud-est de l'intersection","Public","Poste public actif",8,"24h / 7J",-73.55315026715084,45.51762552500916,300647.6,5041968.8
"21-388","Au coin du 1255 Jeanne-Mance (Hotel DoubleTree by Hilton) et la rue Sainte-catherine O. Poste privé de Taxi Pontiac","Privé","Poste prive actif",2,"24H / 7J",-73.56480179682005,45.50681085353035,299736.3,5040767.6
"20-622","Au coin de la rue Stanley et la rue Sherbrooke O. Situé au nord-ouest de l'intersection","Public","Poste public actif",4,"24H / 7J",-73.57733548769681,45.50118395093767,298756.3,5040143.1
"20-465","Au coin de la rue Saint-Mathieu et le boul. René-Levesque O. Situé au nord-est de l'intersection","Public","Poste public actif",2,"24H / 7J",-73.57663628888548,45.49240185638556,298810,5039167.1
"21-403","Au coin du boul. Saint-Laurent et la rue Saint-Paul. Situé au sud-est de l'intersection","Public","Poste public actif",4,"18H à Minuit",-73.55363914127804,45.50558376120755,300608.5,5040630.6
"20-768","Au coin de l'Avenue du Président-Kennedy et la rue De Bleury. Situé au sud-ouest de l'intersection","Public","Poste public temporaire",2,"24H / 7J",-73.56953386826171,45.50746065630405,299366.6,5040840.1
"20-682","Au coin du 800 Gauvin et la rue Saint-Antoine O. Situé au sud-ouest de l'intersection","Public","Poste public temporaire",4,"24H / 7J",-73.56199915158993,45.50113561305182,299954.8,5040136.7
"20-621","Au 1155 Sherbrooke Ouest (Hotel Sofitel). Poste privé Taxelco","Privé","Poste prive actif",1,"24H / 7J",-73.57740522513122,45.5013305865047,298750.9,5040159.4
"21-911","Rue Sanguinet au coin de la rue De la Gauchetière E.. Il s'agit du poste d'attente pour le CHUM.","Public","Poste public actif",11,"24/7",-73.55766879444273,45.51101488594983,300294,5041234.4
"20-609","Au 1650 av. Cédar / Hôpital général de Montréal. Situé au nord-ouest de l'adresse sur av. Cédar","Public","Poste public actif",3,"24H / 7J",-73.59040771614686,45.49662263930744,297734.2,5039637.3
"20-879","Au coin du boul. Robert-Bourassa et la Place Monseigneur-Charbonneau. Situé au nord-ouest de l'intersection","Public","Poste public actif",14,"24H / 7J",-73.56820281058958,45.502339991726984,299470.2,5040271
"21-785","Au coin de la rue Saint-Urbain et la rie Sainte-Catherine O. Situé au sud-ouest de l'intersection","Public","Poste public actif",5,"24h / 7J",-73.56481948941041,45.508539552483455,299735.1,5040959.7
"21-404","Au coin du boul. Saint-Laurent et la rue Notre-Dame E. Situé au sud-est de l'intersection","Public","Poste public actif",4,"24H / 7J",-73.55553720740966,45.50621849436834,300460.2,5040701.2
"20-696","Au coin de la rue Mansfield et le boul René-Levesque O. Situé au sud-est de l'intersection","Public","Poste public actif",15,"24H / 7J",-73.56836462565616,45.49986992373441,299457.3,5039996.5
"20-453","Au 475 Av. Du Président Kennedy (Hotel Delta). Poste privé de Taxi Champlain","Privé","Poste prive temporaire",1,"24H / 7J",-73.57098140608218,45.50626930135155,299253.4,5040707.8
"20-462","Au coin de la rue Saint-Jacques et la rue Gauvin. Situé au coin nord-ouest de l'intersection","Public","Poste public temporaire",4,"24H / 7J",-73.56131194418026,45.500364680666806,300008.5,5040051
"20-435","Au 1050 De la Gauchetière O (Marriott Chateau Champlain).","En commun","Poste encommun actif",2,"24H / 7J",-73.56768420555727,45.49770174369483,299510.2,5039755.5
"21-803","Au coin de la rue De la Commune E et la Place Jacques-Cartier. Situé au nord-est de l'intersection.","Public","Poste public actif",2,"24H / 7J",-73.55200177411467,45.50764900483763,300736.6,5040860
"21-399","Au coin de la rue Saint-Denis et le boul. René-levesque O. Situé au nord-ouest de l'intersection","Public","Poste public actif",4,"24H / 7J",-73.55857433862303,45.5126945624108,300223.4,5041421.1
"22-502","Au coin de la rue Champlain et la rue Sainte-Catherine E. Situé au nord-ouest de l'intersection","Public","Poste public temporaire",6,"24h / 7J",-73.5531691748688,45.52184751490195,300646.4,5042438
"21-767","Près du 1717 rue Berri (Gare d'autocars de Montréal)","Public","Poste public actif",12,"24H / 7J",-73.56333353862306,45.51655273803695,299851.9,5041850.1
"20-452","Au coin de la rue Peel et le boul. René-Levesque O. Situé au nord-ouest de l'intersection","Public","Poste public actif",3,"24H / 7J",-73.57052725529479,45.49875280172043,299288.2,5039872.5
"21-400","Au Complexe Desjardins, 150 rue Sainte-Catherine O","Public","Poste public temporaire",7,"24H / 7J",-73.56504481481932,45.50831387446851,299717.5,5040934.6
"21-764","Au coin de la rue Saint-Denis et la rue Ontario E. Situé au nord-est de l'intersection","Public","Poste public actif",4,"18h00 à 07h00",-73.56529855731429,45.51605396505689,299698.4,5041794.8
"20-801","Au coin de la rue De la Montagne et du boul de Maisonneuve O.. Situé au sud-est de l'intersection","Public","Poste public actif",2,"24H / 7J",-73.57618509499815,45.49849645192837,298846,5039844.4
"33-478","Au coin de l'avenue Querbes et la rue Jean-Talon O. Situé au sud-est de l'intersection","Public","Poste public actif",3,"24H / 7J",-73.62315273363487,45.528540390440284,295180.4,5043187.7
"33-238","Au coin de l'avenue Wiseman et la rue Jarry O. Situé au sud-est de l'intersection","Public","Poste public actif",3,"24H / 7J",-73.63671827290091,45.52922360249514,294121,5043265.4
"33-237","Au coin de l'avenue Outremont et la rue Jean-Talon O. Situé au nord-ouest de l'intersection","Public","Poste public actif",2,"24H / 7J",-73.62482643075055,45.52627047357399,295049.3,5042935.7
"33-236","Au coin de l'avenue Wiseman et la rue De Liège . Situé au sud-ouest de l'intersection","Public","Poste public actif",4,"24H / 7J",-73.64300537214149,45.53084704250136,293630.2,5043446.7
"31-636","Au coin de la rue Lajeunesse et la rue Crémazie E. Situé au sud-ouest de l'intersection","Public","Poste public actif",4,"24H / 7J",-73.63718605120084,45.546471012640524,294087.7,5045182.2
"31-634","Au coin de la rue Lajeunesse et la rue Jarry E. Situé au sud-est de l'intersection","Public","Poste public actif",4,"24H / 7J",-73.62819099216722,45.54375548659487,294789.6,5044879.2
"31-631","Au coin de la rue Berri et le boul. Crémazie E. Situé au sud-est de l'intersection","Public","Poste public actif",2,"24H / 7J",-73.63785123772686,45.54582482801659,294035.6,5045110.5
"31-228","Au coin de la rue De Normanville et la rue Villeray. Situé au nord-ouest de l'intersection","Public","Poste public actif",6,"24H / 7J",-73.61834621377056,45.54713221758332,295558.9,5045253.3
"31-227","Au coin de la rue De Lanaudière et la rue Jean-Talon E. Situé au nord-est de l'intersection.","Public","Poste public actif",6,"24H / 7J",-73.60937690682476,45.54544913540849,296259,5045065.3
"30-808","Au coin du boul. Saint-Michel et le boul. Shaughnessy. Situé au nord-ouest de l'intersection","Public","Poste public actif",5,"19H à 6H30",-73.5994913579998,45.55921548611647,297032.9,5046594.1
"30-630","Au coin de la rue Legendre et le boul. Saint-Michel. Situé au nord-est de l'intersection","Public","Poste public actif",2,"24H / 7J",-73.62735843671544,45.57180160509741,294859.6,5047995.9
"30-629","Au coin du boul. Shaughnessy et le boul. Saint-Michel. Situé au sud-ouest de l'intersection","Public","Poste public actif",8,"6H30 à 19H",-73.59939479847526,45.55917041393142,297040.4,5046589.1
"30-628","Au coin de la 9e avenue et la rue Jarry E. Situé au nord-ouest de l'intersection","Public","Poste public actif",5,"24H / 7J",-73.61072468314205,45.56255249465018,296156.4,5046966.1
"30-223","Au coin de la 23e avenue et la rue Jean-Talon E. Situé au nord-ouest de l'intersection","Public","Poste public actif",6,"24H / 7J",-73.59109497067038,45.56705486650968,297689.4,5047464.6
"30-222","Au coin de la 22e avenue et la rue Jarry E. Situé au sud-est de l'intersection","Public","Poste public actif",2,"24H / 7J",-73.60305976893869,45.57088683909844,296756,5047891.6
"31-229","Au coin de l'avenue Louis-Hébert et la rue Jean-Talon E. Situé au nord-ouest de l'intersection","Public","Poste public actif",4,"24H / 7J",-73.60268640491995,45.55298428928876,296782.6,5045902
"9-84","Au coin du 5800 boul. Cavendish et le Chemin Mackle. Poste privé de Taxi Diamond","Privé","Poste prive actif",5,"24H / 7J",-73.66622940370485,45.47760710064498,291804,5037533.6
"11-99","7155 Ch. de la Côte-St-Luc. Avenue Saint-Ignatus, IGA (poste privé de Taxi Diamond)","Privé","Poste prive actif",8,"24H/ 7J",-73.6553141,45.4656817,292654.8,5036206.6
"11-110","Avenue Walkley. Chemin de la Côte-St-Luc","Public","Poste public actif",6,"24H / 7J",-73.64976480000001,45.4700044,293089.6,5036686.2
"4-32","3291, boul. des Sources coin de l'avenue Deacon. Épicerie Adonis. Poste privé de la compagnie Taxi Coop de l'Ouest","Privé","Poste prive actif",8,"24H / 7J",-73.79097200000001,45.48468100924473,282054.3,5038347.4
"5-762","Au 396 rue Dorval (Esso)","Privé","Poste prive actif",4,"24H / 7J",-73.74090027909853,45.44579899539779,285955.5,5034013.5
"5-748","800, Pl. Leigh-Capreol. Hôtel Marriott - Aéroport de Montréal","En commun","Poste encommun actif",3,"24H / 7J",-73.75209931772156,45.45588036441182,285083,5035136.6
"5-495","Coin des av. Ryan et Renaud","Public","Poste public actif",2,"24H / 7J",-73.71122614334718,45.47448517201431,288285.2,5037194.9
"5-37","310, av. Dorval. Les jardins Dorval - Épicerie Maxi. Poste privé de la compagnie Taxi Diamond de l'Ouest","Privé","Poste prive actif",10,"24H / 7J",-73.74144036931153,45.44488992519177,285913,5033912.6
"5-36","555, boul. McMillan. Hôtel Sheraton. Poste privé de la compagnie Taxi Coop de l'Ouest","Privé","Poste prive actif",4,"24H / 7J",-73.74152228042601,45.45329096181508,285909.4,5034846.3
"5-35","975, boul. Roméo-Vachon. Aéroport de Montréal-Trudeau. Ligne et bassin Taxis et Limousines","En commun","Poste encommun actif",300,"24H / 7J",-73.74668258885498,45.45603009098139,285506.7,5035151.9
"5-44","755, boul. Montréal-Toronto. Via Rail Dorval","En commun","Poste encommun actif",12,"24H / 7J",-73.74151931904908,45.44846438154334,285908,5034309.9
"5-34","boul. Montréal-Toronto / Rond-Point Dorval. Terminus STM","En commun","Poste encommun actif",4,"24H / 7J",-73.74329014550779,45.44835795790181,285769.4,5034298.5
"5-741","500, boul. McMillan. Hôtel A Loft. Poste privé de la compagnie Taxi Coop de l'Ouest","Privé","Poste prive actif",2,"24H / 7J",-73.74073161957398,45.45285494444704,285971.1,5034797.6
"11-104","Avenue d'Oxford. Avenue Somerled","Public","Poste public actif",4,"24H / 7J",-73.6292942,45.4777922,294691.7,5037548.8
"1-689","3200, rue Jean-Yves. Cinéma Cineplex Kirkland. Poste Privé Taxi Coop de l'Ouest","Privé","Poste prive actif",5,"24H / 7J",-73.8897824,45.4405666,274306.4,5033477.7
"11-481","Boul. de Maisonneuve O.. Park Row E","Public","Poste public actif",6,"24H / 7J",-73.62891239999999,45.4605407,294718.4,5035631.6
"11-105","Rue Sherbrooke O. coin West Broaway (Loyola Campus)","Public","Poste public actif",8,"24H / 7J",-73.6402395,45.4565446,293831.8,5035189
"5-43","325, boul. Saint-Jean. Épicerie Métro. Poste privé de la compagnie Taxi Coop de l'Ouest","Privé","Poste prive actif",3,"24H / 7J",-73.81547910370483,45.44543227949213,280121.4,5033993
"5-40","6815, route Transcanadienne. Fairview Pointe-Claire. Poste privé de la compagnie Taxi Coop de l'Ouest","Privé","Poste prive actif",10,"24H / 7J",-73.83095760845947,45.46556415742894,278919.8,5036235.1
"1-27","160, Av. Stillview. Hôpital Lakeshore (Urgence). Poste privé de Taxi Coop de l'Ouest.","Privé","Poste prive actif",4,"24H / 7J",-73.8331791693115,45.44815836858193,278738.1,5034301.5
"5-45","6700, rte. Transcanadienne. Hôtel Double Tree. Poste privé de la compagnie Taxi Coop de l'Ouest","Privé","Poste prive actif",3,"24H / 7J",-73.82656717724609,45.462280899734296,279261.7,5035868.8
"1-916","88, boul. Saint-Anne - Devant le Uniprix","Public","Poste public actif",3,"00h00 à 04h00 / 7 jours sur 7.",-73.95586199140168,45.404749185908486,269114.3,5029524.6
"1-684","Sur la rue Lakeshore près de la rue Stewart Park (Sud-ouest).. CÉGEP John Abbott","Public","Poste public actif",5,"5h00 à 17H00 / 7 Jours",-73.93942141003419,45.40392191657729,270400.8,5029425.5
"1-25","Coin de l'av. Garden City et  rue du Pacifique (Nord-est)","Public","Poste public actif",5,"24H / 7J",-73.95207740370483,45.40822601210693,269412.7,5029909.3
"1-26","coin de la rue Lalonde et de la rue Sainte-Anne (Sud-ouest)","Public","Poste public actif",3,"00h00 à 04h00 / 7 jours",-73.94977594418026,45.403070196664075,269589.6,5029335.3
"12-112","Au coin du 4626 rue Sherbrooke O et Arlington Lane. Situé au nord-ouest de l'intersection","En commun","Poste encommun actif",2,"24H / 7J",-73.60068565714721,45.481289257098794,296928.8,5037934.3
"12-113","Au coin de l'avenue Atwater et le boul. De Maisonneuve O. Situé au sud-ouest de l'intersection","Public","Poste public actif",5,"24H / 7J",-73.58578910957033,45.4899144049726,298094.4,5038891.4
"12-118","Rue Sainte-Catherine ouest. coin Avenue Gladstone. Situé au Nord-Ouest de l'intersection sur la rue Sainte-Catherine O.","Public","Poste public actif",2,"24H / 7J",-73.58664950000002,45.4872379,298026.8,5038594.1
